{"data_time": 0.008930198499001563, "eta_seconds": 16422.55976779037, "fast_rcnn/cls_accuracy": 0.9970703125, "fast_rcnn/false_negative": 1.0, "fast_rcnn/fg_cls_accuracy": 0.0, "iteration": 19, "loss_box_reg": 0.00046947078953962773, "loss_cls": 0.2709149941802025, "loss_mask": 0.6903948783874512, "loss_rpn_cls": 0.62457674741745, "loss_rpn_loc": 0.08963402360677719, "lr": 0.00039962, "mask_rcnn/accuracy": 0.534438775510204, "mask_rcnn/false_negative": 0.25477239353891334, "mask_rcnn/false_positive": 0.6502283105022831, "roi_head/num_bg_samples": 510.5, "roi_head/num_fg_samples": 1.5, "rpn/num_neg_anchors": 241.5, "rpn/num_pos_anchors": 14.5, "time": 0.182511416496709, "total_loss": 1.8490008105582092}
{"data_time": 0.042672556010074914, "eta_seconds": 14857.817159734725, "fast_rcnn/cls_accuracy": 0.998046875, "fast_rcnn/false_negative": 1.0, "fast_rcnn/fg_cls_accuracy": 0.0, "iteration": 39, "loss_box_reg": 0.0005373976018745452, "loss_cls": 0.10203688591718674, "loss_mask": 0.6579736471176147, "loss_rpn_cls": 0.23428741842508316, "loss_rpn_loc": 0.05878124572336674, "lr": 0.0007992199999999999, "mask_rcnn/accuracy": 0.6339285714285714, "mask_rcnn/false_negative": 0.4845587647951584, "mask_rcnn/false_positive": 0.26616151611199157, "roi_head/num_bg_samples": 511.0, "roi_head/num_fg_samples": 1.0, "rpn/num_neg_anchors": 244.25, "rpn/num_pos_anchors": 11.75, "time": 0.16352111450396478, "total_loss": 1.088972908051801}
{"data_time": 0.07650417945114896, "eta_seconds": 14654.664598812233, "fast_rcnn/cls_accuracy": 0.998046875, "fast_rcnn/false_negative": 1.0, "fast_rcnn/fg_cls_accuracy": 0.0, "iteration": 59, "loss_box_reg": 0.00021459607523865998, "loss_cls": 0.0326238963752985, "loss_mask": 0.6315888464450836, "loss_rpn_cls": 0.1382402554154396, "loss_rpn_loc": 0.049876607954502106, "lr": 0.00119882, "mask_rcnn/accuracy": 0.6310586734693878, "mask_rcnn/false_negative": 0.3986775615525212, "mask_rcnn/false_positive": 0.4988774246586747, "roi_head/num_bg_samples": 511.0, "roi_head/num_fg_samples": 1.0, "rpn/num_neg_anchors": 250.25, "rpn/num_pos_anchors": 5.75, "time": 0.16118889406789094, "total_loss": 0.8101815690970398}
