{"data_time": 0.00788306852336973, "eta_seconds": 66656.4010637998, "fast_rcnn/cls_accuracy": 0.998046875, "fast_rcnn/false_negative": 1.0, "fast_rcnn/fg_cls_accuracy": 0.0, "iteration": 19, "loss_box_reg": 0.0018434870289638638, "loss_cls": 0.3963075876235962, "loss_mask": 0.702054888010025, "loss_rpn_cls": 0.6644341051578522, "loss_rpn_loc": 0.17561638355255127, "lr": 0.00039962, "mask_rcnn/accuracy": 0.5146683673469388, "mask_rcnn/false_negative": 0.474311666193585, "mask_rcnn/false_positive": 0.4683176593521421, "roi_head/num_bg_samples": 511.0, "roi_head/num_fg_samples": 1.0, "rpn/num_neg_anchors": 246.5, "rpn/num_pos_anchors": 9.5, "time": 0.246892933442723, "total_loss": 2.2623904634383507}
{"data_time": 0.03167383844265714, "eta_seconds": 52385.03064123279, "fast_rcnn/cls_accuracy": 0.998046875, "fast_rcnn/false_negative": 1.0, "fast_rcnn/fg_cls_accuracy": 0.0, "iteration": 39, "loss_box_reg": 0.0011303525534458458, "loss_cls": 0.11347393691539764, "loss_mask": 0.7063700258731842, "loss_rpn_cls": 0.4942315071821213, "loss_rpn_loc": 0.1402774304151535, "lr": 0.0007992199999999999, "mask_rcnn/accuracy": 0.49394132653061223, "mask_rcnn/false_negative": 0.3626037104297974, "mask_rcnn/false_positive": 0.6164751396392272, "roi_head/num_bg_samples": 511.0, "roi_head/num_fg_samples": 1.0, "rpn/num_neg_anchors": 237.0, "rpn/num_pos_anchors": 19.0, "time": 0.157212371006608, "total_loss": 1.5327852308982983}
{"data_time": 0.0134991179802455, "eta_seconds": 38577.555928426445, "fast_rcnn/cls_accuracy": 0.998046875, "fast_rcnn/false_negative": 1.0, "fast_rcnn/fg_cls_accuracy": 0.0, "iteration": 59, "loss_box_reg": 0.0004873547004535794, "loss_cls": 0.04312312975525856, "loss_mask": 0.6887314021587372, "loss_rpn_cls": 0.19587215781211853, "loss_rpn_loc": 0.04584730789065361, "lr": 0.00119882, "mask_rcnn/accuracy": 0.5338010204081632, "mask_rcnn/false_negative": 0.0, "mask_rcnn/false_positive": 1.0, "roi_head/num_bg_samples": 511.0, "roi_head/num_fg_samples": 1.0, "rpn/num_neg_anchors": 250.0, "rpn/num_pos_anchors": 6.0, "time": 0.12261441699229181, "total_loss": 0.9530024766572751}
{"data_time": 0.0118304259958677, "eta_seconds": 35266.84824680997, "fast_rcnn/cls_accuracy": 0.998046875, "fast_rcnn/false_negative": 1.0, "fast_rcnn/fg_cls_accuracy": 0.0, "iteration": 79, "loss_box_reg": 0.00033529837673995644, "loss_cls": 0.050529565662145615, "loss_mask": 0.6890862584114075, "loss_rpn_cls": 0.2613276392221451, "loss_rpn_loc": 0.11766087263822556, "lr": 0.0015984200000000001, "mask_rcnn/accuracy": 0.5651785714285715, "mask_rcnn/false_negative": 0.5237050123765339, "mask_rcnn/false_positive": 0.3660409034012993, "roi_head/num_bg_samples": 511.0, "roi_head/num_fg_samples": 1.0, "rpn/num_neg_anchors": 238.25, "rpn/num_pos_anchors": 17.75, "time": 0.1203907944727689, "total_loss": 1.2451100264006527}
{"data_time": 0.03187161643290892, "eta_seconds": 34691.16255003505, "fast_rcnn/cls_accuracy": 0.99853515625, "iteration": 99, "loss_box_reg": 0.0002515324595151469, "loss_cls": 0.03524152748286724, "loss_mask": 0.661765456199646, "loss_rpn_cls": 0.2670164406299591, "loss_rpn_loc": 0.042125068604946136, "lr": 0.00199802, "roi_head/num_bg_samples": 511.25, "roi_head/num_fg_samples": 0.75, "rpn/num_neg_anchors": 251.5, "rpn/num_pos_anchors": 4.5, "time": 0.12585793749894947, "total_loss": 1.0142816704828874}
{"fast_rcnn/false_negative": 1.0, "fast_rcnn/fg_cls_accuracy": 0.0, "iteration": 98, "mask_rcnn/accuracy": 0.6047512755102041, "mask_rcnn/false_negative": 0.10337190169751549, "mask_rcnn/false_positive": 0.8337755062229332}
{"data_time": 0.0343460084986873, "eta_seconds": 34688.591891715885, "fast_rcnn/cls_accuracy": 0.998046875, "fast_rcnn/false_negative": 1.0, "fast_rcnn/fg_cls_accuracy": 0.0, "iteration": 119, "loss_box_reg": 0.0003922333416994661, "loss_cls": 0.048779722303152084, "loss_mask": 0.6609669029712677, "loss_rpn_cls": 0.31461401283741, "loss_rpn_loc": 0.15874706208705902, "lr": 0.00239762, "mask_rcnn/accuracy": 0.6184630102040816, "mask_rcnn/false_negative": 0.003878116343490305, "mask_rcnn/false_positive": 0.9598046581517656, "roi_head/num_bg_samples": 511.0, "roi_head/num_fg_samples": 1.0, "rpn/num_neg_anchors": 240.0, "rpn/num_pos_anchors": 16.0, "time": 0.12843736849026754, "total_loss": 1.2151258013363986}
{"data_time": 0.015694821486249566, "eta_seconds": 34422.34088564204, "fast_rcnn/cls_accuracy": 0.998046875, "fast_rcnn/false_negative": 1.0, "fast_rcnn/fg_cls_accuracy": 0.0, "iteration": 139, "loss_box_reg": 0.00026129852631129324, "loss_cls": 0.03673364594578743, "loss_mask": 0.6691893935203552, "loss_rpn_cls": 0.2971954345703125, "loss_rpn_loc": 0.1250762790441513, "lr": 0.0027972200000000004, "mask_rcnn/accuracy": 0.6162308673469388, "mask_rcnn/false_negative": 0.12348688123391274, "mask_rcnn/false_positive": 0.6968984329816724, "roi_head/num_bg_samples": 511.0, "roi_head/num_fg_samples": 1.0, "rpn/num_neg_anchors": 237.5, "rpn/num_pos_anchors": 18.5, "time": 0.11890340549871325, "total_loss": 1.1409179718830273}
{"data_time": 0.031384596426505595, "eta_seconds": 34531.41488810774, "fast_rcnn/cls_accuracy": 0.998046875, "fast_rcnn/false_negative": 1.0, "fast_rcnn/fg_cls_accuracy": 0.0, "iteration": 159, "loss_box_reg": 0.0003798306715907529, "loss_cls": 0.029966872185468674, "loss_mask": 0.640160083770752, "loss_rpn_cls": 0.2213968113064766, "loss_rpn_loc": 0.09047182276844978, "lr": 0.0031968200000000004, "mask_rcnn/accuracy": 0.6491071428571429, "mask_rcnn/false_negative": 0.3534303766070528, "mask_rcnn/false_positive": 0.38295006908310547, "roi_head/num_bg_samples": 511.0, "roi_head/num_fg_samples": 1.0, "rpn/num_neg_anchors": 244.75, "rpn/num_pos_anchors": 11.25, "time": 0.12874804547755048, "total_loss": 1.000166853707924}
{"data_time": 0.017845258524175733, "eta_seconds": 34190.11073054175, "fast_rcnn/cls_accuracy": 0.99755859375, "fast_rcnn/false_negative": 1.0, "fast_rcnn/fg_cls_accuracy": 0.0, "iteration": 179, "loss_box_reg": 0.000371102913049981, "loss_cls": 0.048906901851296425, "loss_mask": 0.6501160562038422, "loss_rpn_cls": 0.2943684756755829, "loss_rpn_loc": 0.06834236532449722, "lr": 0.0035964199999999995, "mask_rcnn/accuracy": 0.642219387755102, "mask_rcnn/false_negative": 0.42268921137768806, "mask_rcnn/false_positive": 0.23604021867767216, "roi_head/num_bg_samples": 510.75, "roi_head/num_fg_samples": 1.25, "rpn/num_neg_anchors": 246.0, "rpn/num_pos_anchors": 10.0, "time": 0.12013336800737306, "total_loss": 1.0826684068888426}
{"data_time": 0.015494010061956942, "eta_seconds": 33911.71424365131, "fast_rcnn/cls_accuracy": 0.99853515625, "fast_rcnn/false_negative": 1.0, "fast_rcnn/fg_cls_accuracy": 0.0, "iteration": 199, "loss_box_reg": 0.00038569093158002943, "loss_cls": 0.032717169262468815, "loss_mask": 0.679023265838623, "loss_rpn_cls": 0.243702732026577, "loss_rpn_loc": 0.07268630340695381, "lr": 0.00399602, "mask_rcnn/accuracy": 0.596938775510204, "mask_rcnn/false_negative": 0.649864128656107, "mask_rcnn/false_positive": 0.09732721124167114, "roi_head/num_bg_samples": 511.25, "roi_head/num_fg_samples": 0.75, "rpn/num_neg_anchors": 241.25, "rpn/num_pos_anchors": 14.75, "time": 0.1160530989873223, "total_loss": 1.0659444720804458}
{"data_time": 0.027560452988836914, "eta_seconds": 33693.90750466817, "fast_rcnn/cls_accuracy": 0.998046875, "fast_rcnn/false_negative": 1.0, "fast_rcnn/fg_cls_accuracy": 0.0, "iteration": 219, "loss_box_reg": 0.0002507917524781078, "loss_cls": 0.028353095054626465, "loss_mask": 0.6756528317928314, "loss_rpn_cls": 0.2527722418308258, "loss_rpn_loc": 0.09832720458507538, "lr": 0.00439562, "mask_rcnn/accuracy": 0.6227678571428572, "mask_rcnn/false_negative": 0.08603493955847358, "mask_rcnn/false_positive": 0.7862666799877612, "roi_head/num_bg_samples": 511.0, "roi_head/num_fg_samples": 1.0, "rpn/num_neg_anchors": 240.0, "rpn/num_pos_anchors": 16.0, "time": 0.11715700250351802, "total_loss": 1.0849234862616868}
{"data_time": 0.039886180544272065, "eta_seconds": 33766.91007870133,